-0.006607143,0.600059524,0.525535714,0.113879113,0.605680943,0.533659313,0
0.016666667,0.634583333,0.4625,0.03958114,0.635121379,0.463420256,0
0.1096,0.6464,0.4372,0.133626345,0.647753039,0.440495176,0
0.1572,0.6764,0.4168,0.176079527,0.677315288,0.419847591,0
0.1664,0.6536,0.4176,0.179599555,0.656237762,0.419676066,0
0.185,0.66625,0.424583333,0.202875167,0.668546309,0.427867776,0
0.2036,0.6572,0.4016,0.215879596,0.658425394,0.40470236,0
0.1772,0.6656,0.4004,0.184401735,0.666033032,0.402993796,0
0.1664,0.6856,0.3792,0.169729196,0.686218624,0.379978947,0
0.152,0.6872,0.3804,0.158745079,0.687825559,0.382763635,0
0.157083333,0.665416667,0.387916667,0.158626921,0.665522977,0.389449398,0
0.1432,0.672,0.4104,0.150996689,0.672208301,0.410881978,0
0.1256,0.652,0.436,0.128996124,0.652251485,0.436201788,0
0.094,0.6508,0.448,0.098529183,0.650971582,0.448785026,0
0.09625,0.652083333,0.44375,0.097403799,0.652185429,0.444020457,0
0.0964,0.6504,0.4472,0.098407317,0.650519792,0.447446086,0
0.0972,0.6468,0.4524,0.098488578,0.647002318,0.452809011,0
0.0956,0.6436,0.4492,0.097262531,0.643965838,0.44941295,0
0.084,0.6476,0.434,0.09495262,0.648354841,0.435518082,0
0.08,0.686666667,0.38,0.088741197,0.687052885,0.380832422,0
0.0392,0.6972,0.4,0.058034473,0.697679009,0.400849099,0
0.1188,0.6368,0.4464,0.141605085,0.638517032,0.449711018,0
0.1868,0.6548,0.4576,0.190630533,0.65630176,0.461198439,0
0.0392,0.6624,0.4248,0.097118484,0.66887368,0.428504376,0
0.0584,0.6568,0.452,0.111498879,0.658877834,0.455490944,0
0.04875,0.660416667,0.389166667,0.12504999,0.662045442,0.394112928,0
0.072,0.6916,0.4128,0.083378654,0.692453609,0.414757761,0
0.0232,0.62,0.4936,0.038052595,0.620509468,0.49430355,0
0.0512,0.684,0.4176,0.075206383,0.685594632,0.419237403,0
0.0592,0.666,0.4108,0.095163018,0.667583703,0.413922698,0
0.017916667,0.63125,0.44625,0.058913779,0.631667766,0.447236887,0
0.0312,0.664,0.438,0.04,0.664457674,0.438602326,0
0.0476,0.6596,0.4132,0.073620649,0.66013029,0.414212506,0
0.067083333,0.674166667,0.4025,0.079660739,0.674481282,0.406119851,0
0.054615385,0.684230769,0.387307692,0.064688603,0.684417214,0.392168527,0
0.059583333,0.674583333,0.392916667,0.064775252,0.674644968,0.395679795,0
0.0192,0.668,0.402,0.043081318,0.668305319,0.40609851,0
0.0432,0.692,0.36,0.072498276,0.693760766,0.375478362,0
0.0152,0.686,0.356,0.022090722,0.686116608,0.356269561,0
0.00875,0.682916667,0.35625,0.019257033,0.682962298,0.356797095,0
0.016,0.686,0.3244,0.079699435,0.687037117,0.336612537,0
-0.018,0.6968,0.3216,0.171055547,0.697033715,0.329156498,0
0.036,0.6964,0.3488,0.044899889,0.696548634,0.350599487,0
0.026,0.692,0.346,0.026457513,0.692017341,0.346057799,0
0.027083333,0.6925,0.34875,0.027462095,0.692519554,0.348813465,0
0.0284,0.6924,0.346,0.029189039,0.692424725,0.346069357,0
0.0296,0.6944,0.3584,0.040496913,0.694590527,0.360521844,0
0.0372,0.696,0.37,0.060827625,0.696379207,0.370604911,0
0.0568,0.6888,0.3808,0.074404301,0.689550578,0.384177043,0
0.0952,0.676,0.386,0.101153349,0.676343108,0.387117553,0
0.069467456,0.58035503,0.556982249,0.151516984,0.585112137,0.565878382,0
0.18125,0.59875,0.538333333,0.194582887,0.599433761,0.540401086,0
0.2056,0.6016,0.498,0.223356218,0.604377366,0.499811965,0
0.1532,0.662,0.466,0.161282361,0.663605304,0.467046036,0
0.14875,0.6175,0.460416667,0.152411176,0.617919898,0.460683369,0
0.17875,0.659166667,0.455416667,0.181234195,0.659418936,0.45598337,0
0.202692308,0.636923077,0.445384615,0.204007918,0.637217509,0.445697379,0
0.1472,0.6448,0.4628,0.148431803,0.644986822,0.463383211,0
0.135416667,0.653333333,0.43875,0.137006691,0.653701002,0.439066244,0
0.131923077,0.661923077,0.417307692,0.134178412,0.662167188,0.417819431,0
0.114166667,0.67,0.421666667,0.115036226,0.670049749,0.422009084,0
0.1316,0.6544,0.4308,0.132196823,0.654510504,0.43124471,0
0.16,0.65,0.437083333,0.162992842,0.65014101,0.438021118,0
0.143461538,0.655384615,0.427307692,0.146326821,0.655814233,0.428113033,0
0.137916667,0.680416667,0.40375,0.143715576,0.68061553,0.404232812,0
0.126538462,0.660769231,0.43,0.131719399,0.66100739,0.430723899,0
0.145416667,0.656666667,0.42875,0.146642991,0.656848537,0.428937641,0
0.162,0.6604,0.4432,0.163303399,0.660838861,0.443504228,0
0.1512,0.6448,0.452,0.151578363,0.645216243,0.452353844,0
0.105,0.627916667,0.4525,0.108282039,0.62846705,0.452879675,0
0.1068,0.6188,0.4964,0.108940351,0.619344815,0.497582154,0
0.1268,0.614,0.5132,0.128202964,0.614273555,0.513423802,0
0.1152,0.6204,0.5204,0.116756156,0.620867136,0.520611179,0
0.1144,0.6112,0.5168,0.1154816,0.611444192,0.517091868,0
0.094583333,0.617916667,0.51125,0.095197164,0.618098563,0.511529569,0
0.098,0.6228,0.5008,0.098974744,0.622918935,0.500999002,0
0.1028,0.6284,0.4908,0.103556748,0.628442519,0.490913434,0
0.0964,0.6348,0.4812,0.097097889,0.635065351,0.481501817,0
0.105833333,0.640416667,0.47375,0.106575482,0.64060193,0.474135178,0
0.105,0.642692308,0.463076923,0.112745459,0.642928995,0.463432013,0
0.162916667,0.650833333,0.449166667,0.170501711,0.651146425,0.449722136,0
0.2336,0.6424,0.43,0.244376758,0.642675657,0.430409108,0
0.240416667,0.641666667,0.44125,0.243592898,0.64182682,0.44151727,0
0.2264,0.6304,0.4668,0.22745549,0.63053628,0.467071729,0
0.2072,0.5988,0.5168,0.208038458,0.598935723,0.516944871,0
0.1892,0.5984,0.5228,0.189430726,0.598538219,0.522972275,0
0.19,0.616,0.5052,0.190336544,0.616162316,0.505319701,0
0.1864,0.6312,0.4816,0.187040103,0.631360436,0.481713608,0
0.1668,0.65,0.4404,0.167678263,0.65015998,0.440622287,0
0.146666667,0.64875,0.435833333,0.147761068,0.648848339,0.436195675,0
0.1672,0.6436,0.4324,0.169398937,0.643984472,0.4327817,0
0.1556,0.6632,0.4348,0.161752898,0.66403012,0.435113778,0
0.1292,0.6544,0.4384,0.131711807,0.654644942,0.439017084,0
0.1388,0.6348,0.4592,0.141039002,0.635008661,0.459721655,0
0.185217391,0.627826087,0.470434783,0.187059628,0.628068121,0.470956474,0
0.223846154,0.626153846,0.468846154,0.224585088,0.626289439,0.469103072,0
0.2268,0.6432,0.4568,0.227094694,0.643409667,0.457016411,0
0.2256,0.6352,0.4684,0.226203448,0.635364462,0.468678995,0
0.185,0.61,0.51625,0.198053023,0.611051007,0.517232217,0
0.1348,0.5944,0.5468,0.155781899,0.595261287,0.550864775,0
0.068214286,0.549166667,0.609702381,0.099462843,0.551207549,0.610730924,0
-0.0468,0.5776,0.5756,0.084214013,0.579033678,0.576177056,0
-0.0484,0.5544,0.5876,0.060827625,0.555200865,0.58809183,0
-0.045416667,0.540833333,0.618333333,0.058559087,0.541525623,0.619240126,0
-0.0624,0.5344,0.6036,0.082800966,0.535641671,0.604704887,0
-0.07,0.526,0.6128,0.09917661,0.529055763,0.618080901,0
-0.1,0.5328,0.53,0.339293383,0.568007042,0.567171932,0
-0.125416667,0.536666667,0.580833333,0.192948611,0.541748712,0.590515312,0
-0.0364,0.5836,0.558,0.075868307,0.58524183,0.560881449,0
0.0384,0.5956,0.5484,0.063118935,0.596171116,0.554093855,0
0.09,0.5912,0.5412,0.100816665,0.591837816,0.542265618,0
0.0728,0.5888,0.5744,0.095874919,0.589196062,0.575040868,0
0.083333333,0.560833333,0.590833333,0.102469508,0.561931194,0.592079668,0
0.11,0.5564,0.6056,0.12061509,0.557462106,0.60626067,0
0.0768,0.5668,0.5868,0.10166612,0.567037918,0.588411421,0
0.107083333,0.562083333,0.57,0.134179606,0.563948136,0.571715255,0
0.172692308,0.631923077,0.500769231,0.185669268,0.633995268,0.503449638,0
0.204,0.6096,0.5,0.214755675,0.611483442,0.503364679,0
0.181666667,0.605833333,0.524583333,0.189758619,0.606245275,0.525654354,0
0.1544,0.5976,0.5216,0.161517801,0.598150483,0.522876658,0
0.1312,0.6348,0.4836,0.142435951,0.635436858,0.484986598,0
0.1228,0.628,0.4928,0.137331715,0.629247169,0.497377121,0
0.0964,0.6148,0.5324,0.097344748,0.615301552,0.53371528,0
0.133333333,0.5775,0.55875,0.13820275,0.578129167,0.55962413,0
0.132,0.5868,0.55,0.133805829,0.587159263,0.552126797,0
0.1244,0.6136,0.5288,0.125363472,0.613931592,0.529867908,0
0.1388,0.538,0.612,0.140470638,0.538341899,0.613012235,0
0.120416667,0.560833333,0.61875,0.125714624,0.561552906,0.619868938,0
0.1144,0.5504,0.5748,0.118591737,0.550977314,0.577646951,0
0.1068,0.5872,0.56,0.126885775,0.590152523,0.56849978,0
0.1192,0.5756,0.5696,0.143888846,0.577522294,0.576423455,0
0.136,0.6108,0.5312,0.189778819,0.622102885,0.536097006,0
0.145416667,0.630416667,0.489166667,0.159517502,0.631384062,0.493685122,0
0.0932,0.6448,0.458,0.100458947,0.645011628,0.458480098,0
0.0372,0.6304,0.4808,0.053628351,0.63068217,0.481397964,0
0.0864,0.6212,0.4992,0.104766407,0.621549676,0.500367865,0
0.0672,0.5956,0.502,0.086069739,0.596654004,0.502931407,0
0.0264,0.638,0.4928,0.05138093,0.638307136,0.493979757,0
0.04375,0.66,0.425,0.047653262,0.660126251,0.425764019,0
0.034,0.688,0.3952,0.039140772,0.688604386,0.395949492,0
0.0684,0.6732,0.3932,0.072746134,0.673643823,0.393928928,0
0.0512,0.6688,0.4124,0.058240879,0.669513256,0.412916456,0
0.0648,0.6656,0.3948,0.072553429,0.666393277,0.395833298,0
0.065,0.699166667,0.360416667,0.088411915,0.699636811,0.361276671,0
0.024,0.6856,0.3684,0.046389654,0.686801281,0.369502368,0
0.022,0.6812,0.376,0.064467046,0.682281467,0.377444036,0
0.0268,0.6724,0.3924,0.031304952,0.672544422,0.392759468,0
0.0368,0.6704,0.408,0.039089641,0.670617626,0.40820583,0
0.052916667,0.66,0.422083333,0.06031169,0.66009469,0.422300249,0
0.0912,0.6592,0.4312,0.095749674,0.659539233,0.431564595,0
0.054166667,0.62,0.504880952,0.189949868,0.62698162,0.526530648,0
0.1136,0.6596,0.4436,0.116172286,0.659809063,0.444535713,0
0.150833333,0.635833333,0.465833333,0.154137385,0.636278241,0.466815452,0
0.1248,0.624,0.4508,0.134461891,0.625184773,0.455565583,0
0.068,0.6996,0.4036,0.101784085,0.701903127,0.407965685,0
0.1888,0.676,0.3616,0.210694091,0.677294618,0.363879101,0
0.252083333,0.674166667,0.38125,0.253516929,0.674808615,0.38267153,0
0.2612,0.6436,0.4168,0.269094779,0.644170785,0.420437867,0
0.2124,0.6496,0.4172,0.215006977,0.650489047,0.418449519,0
0.215,0.678333333,0.392916667,0.218212435,0.680973568,0.394086496,0
0.1064,0.6708,0.3852,0.108958708,0.671842243,0.386569528,0
0.0788,0.6568,0.4152,0.087429972,0.657054031,0.417334398,0
0.1052,0.67,0.4232,0.107573231,0.670477442,0.423679124,0
0.1176,0.6752,0.4088,0.119130181,0.67557383,0.409204106,0
0.062083333,0.649583333,0.418333333,0.076130371,0.649830106,0.419434143,0
0.060384615,0.665384615,0.446923077,0.093046721,0.666858306,0.450128187,0
0.079583333,0.655416667,0.4325,0.083740671,0.655492817,0.432993456,0
0.0916,0.666,0.4124,0.094339811,0.666084079,0.41274205,0
0.0916,0.6744,0.4016,0.094424573,0.674685112,0.402104464,0
0.0888,0.6632,0.4188,0.090994505,0.663276715,0.419127666,0
0.0924,0.6584,0.4328,0.094466925,0.65848918,0.433220498,0
0.0988,0.6544,0.4272,0.099939982,0.654455499,0.427401451,0
0.081304348,0.666956522,0.42826087,0.082541162,0.667154894,0.428571946,0
0.08,0.659230769,0.437692308,0.085844224,0.659311996,0.438081482,0
0.076,0.6496,0.446,0.077045441,0.649670686,0.446233123,0
0.0804,0.6452,0.4576,0.08238932,0.645399101,0.457777238,0
0.086666667,0.655416667,0.447083333,0.087654625,0.655543668,0.447413865,0
0.084,0.6372,0.4692,0.087589954,0.637391559,0.46983827,0
0.09125,0.634583333,0.47625,0.092218039,0.634602894,0.476335841,0
0.094230769,0.63,0.487692308,0.094523094,0.630018315,0.487797247,0
0.0916,0.6216,0.5004,0.091978258,0.62162368,0.500563682,0
0.0925,0.61625,0.509166667,0.092826002,0.616275777,0.509272357,0
0.0896,0.616,0.5124,0.089710646,0.61601948,0.512441216,0
0.0916,0.6124,0.5144,0.092065194,0.612421424,0.514501701,0
0.092,0.6124,0.5204,0.092865494,0.612512857,0.52070337,0
0.0876,0.6132,0.5136,0.088701747,0.613387316,0.513793733,0
0.085416667,0.62875,0.495416667,0.086192614,0.628950846,0.49555104,0
0.081923077,0.634615385,0.482307692,0.082671733,0.634689506,0.48240583,0
0.08125,0.637916667,0.4725,0.083091315,0.638021029,0.472757866,0
0.0752,0.632,0.4836,0.076628976,0.632037974,0.483739599,0
0.060434783,0.627391304,0.48826087,0.062519562,0.627531395,0.488400228,0
0.053461538,0.625,0.491923077,0.055781166,0.625093839,0.49199359,0
0.0804,0.6316,0.4908,0.081510735,0.631692963,0.490921582,0
0.0332,0.6356,0.4748,0.04054627,0.635732648,0.475255721,0
0.0044,0.6532,0.4412,0.013711309,0.653687999,0.441909493,0
-0.0248,0.644,0.4152,0.031749016,0.645117044,0.416134594,0
0.0608,0.6876,0.4208,0.077974355,0.688020349,0.421350211,0
0.135416667,0.65375,0.427916667,0.137916037,0.654010066,0.42838359,0
0.1604,0.6376,0.4644,0.162172747,0.637927896,0.464917197,0
0.1408,0.6456,0.464,0.14195774,0.645693426,0.4642327,0
0.064285714,0.592797619,0.528928571,0.14220207,0.602275941,0.540085972,0
0.105416667,0.637083333,0.47,0.107954466,0.637295719,0.470620158,0
0.086923077,0.628846154,0.494615385,0.096036852,0.629606104,0.495200037,0
0.11173913,0.617391304,0.505217391,0.123728314,0.618145895,0.507842838,0
0.08,0.635,0.478846154,0.082134973,0.635261908,0.480972572,0
0.0756,0.6236,0.4992,0.076393717,0.623644129,0.49935959,0
0.0756,0.6264,0.488,0.078460181,0.626546088,0.488753517,0
0.077083333,0.640833333,0.47125,0.079241193,0.640982319,0.471712306,0
0.1056,0.6408,0.464,0.107591821,0.64099922,0.465170936,0
0.1152,0.6464,0.4544,0.117303026,0.646553942,0.454638318,0
0.1204,0.6592,0.4452,0.122816937,0.659508908,0.445470538,0
0.116,0.6396,0.456,0.117847359,0.63992187,0.45631568,0
0.115833333,0.639166667,0.445833333,0.118215904,0.639863267,0.446290264,0
0.104,0.67,0.4352,0.106282642,0.670262635,0.435779761,0
0.0556,0.6576,0.4336,0.063150614,0.658130686,0.433884777,0
0.05,0.6392,0.4596,0.055317267,0.639337157,0.460282522,0
0.128,0.6444,0.4684,0.129799846,0.644710788,0.469062896,0
0.15625,0.635416667,0.475833333,0.158337719,0.63555422,0.475911406,0
0.1784,0.6208,0.4884,0.178818344,0.620857472,0.488700317,0
0.1696,0.6228,0.4952,0.170458206,0.622867562,0.495289814,0
0.1592,0.6104,0.5096,0.159724763,0.610475225,0.509768575,0
0.147916667,0.60625,0.520416667,0.148422258,0.606296819,0.520540584,0
0.11,0.620769231,0.506153846,0.111182456,0.620855489,0.506321576,0
0.149166667,0.634583333,0.474166667,0.150692844,0.634714503,0.47459632,0
0.1556,0.6436,0.4632,0.156396931,0.643686259,0.46348247,0
0.1524,0.6412,0.4628,0.153062079,0.641407827,0.463037795,0
0.1456,0.6424,0.4716,0.146287388,0.642482685,0.471843194,0
0.133333333,0.646666667,0.450833333,0.137446959,0.64826692,0.452419422,0
0.0864,0.66,0.432,0.089799777,0.66019997,0.432416466,0
0.0724,0.6532,0.4428,0.078,0.653418702,0.44309367,0
0.058,0.6352,0.4812,0.062513998,0.635345575,0.481684544,0
0.0125,0.603333333,0.52875,0.040414519,0.603779761,0.529114827,0
0.0272,0.5816,0.542,0.054184869,0.581955325,0.542309875,0
0.1564,0.622,0.4928,0.163278902,0.622552809,0.493526088,0
0.1908,0.6428,0.462,0.195867302,0.643145396,0.462960041,0
0.182,0.6504,0.4488,0.185569394,0.650734969,0.450164414,0
0.1848,0.6332,0.4556,0.185946229,0.633299297,0.456109636,0
0.180833333,0.642916667,0.459166667,0.181475435,0.643036417,0.459356434,0
0.1664,0.6424,0.4592,0.1668772,0.642495136,0.459303821,0
0.168,0.636,0.4664,0.168428026,0.636075467,0.466639047,0
0.152,0.6356,0.4764,0.152446712,0.635682311,0.476558496,0
0.148333333,0.627083333,0.484583333,0.148744748,0.62717289,0.484737902,0
0.1492,0.6272,0.4848,0.150691738,0.627273465,0.485097928,0
0.1524,0.6272,0.4864,0.152748159,0.627247957,0.486579901,0
0.1488,0.6268,0.4916,0.149693019,0.626830121,0.491670621,0
0.1484,0.6236,0.4928,0.148633778,0.623753156,0.492998986,0
0.14375,0.617083333,0.503333333,0.144236496,0.617120329,0.503446455,0
0.1392,0.61,0.5164,0.141223228,0.610150801,0.516615911,0
0.136,0.6132,0.5184,0.136733317,0.613302535,0.518528688,0
0.1332,0.6108,0.5016,0.135099963,0.611296982,0.502242969,0
0.082142857,0.63547619,0.470297619,0.123818223,0.636244562,0.47261368,0
0.1068,0.6368,0.4876,0.112729765,0.637105957,0.489632515,0
0.103333333,0.61125,0.517083333,0.115794358,0.612226129,0.51806129,0
0.126,0.6036,0.5292,0.127357764,0.603731729,0.529395882,0
0.13,0.5752,0.5636,0.131559872,0.575270371,0.56381912,0
0.1364,0.5668,0.5856,0.137419067,0.566826252,0.585791772,0
0.1424,0.5588,0.5924,0.142912561,0.558852396,0.592611171,0
0.14375,0.56125,0.593333333,0.143889425,0.561282015,0.593380148,0
0.1424,0.5676,0.5844,0.142772546,0.567637208,0.584448458,0
0.144,0.5756,0.5752,0.14416657,0.575670044,0.575305136,0
0.1516,0.5816,0.5644,0.151802503,0.581659694,0.564443088,0
0.148333333,0.581666667,0.557083333,0.148520481,0.581707257,0.557176663,0
0.1344,0.586,0.55,0.134996296,0.586068255,0.550152706,0
0.1152,0.6104,0.5132,0.115689239,0.610534192,0.513782055,0
0.1152,0.6452,0.4632,0.115654658,0.645268936,0.463534249,0
0.12,0.6692,0.4052,0.123967738,0.670381981,0.405862046,0
0.14125,0.685416667,0.36625,0.151258609,0.685963434,0.366850333,0
0.1608,0.6928,0.3588,0.163975608,0.693085853,0.359249217,0
0.1628,0.6796,0.3776,0.163474769,0.679673451,0.377941794,0
0.164,0.6644,0.4072,0.164584325,0.664466703,0.407401522,0
0.1636,0.6508,0.4296,0.164231544,0.650830239,0.42980926,0
0.168,0.6436,0.4504,0.168404275,0.643704901,0.4505197,0
0.1625,0.65,0.453333333,0.163018404,0.650076919,0.45344974,0
0.1672,0.638,0.456,0.167928556,0.638062693,0.456350742,0
0.1588,0.6348,0.4688,0.159160297,0.63482596,0.468922168,0
0.1575,0.631666667,0.47875,0.157797338,0.631697449,0.478918051,0
0.159615385,0.624615385,0.486538462,0.159843674,0.624635278,0.48657753,0
0.16375,0.626666667,0.489583333,0.163999492,0.626697694,0.489706545,0
0.1644,0.6212,0.496,0.16449924,0.621221378,0.496056448,0
0.1712,0.6156,0.5028,0.171440952,0.615620013,0.502883684,0
0.1672,0.614,0.5088,0.167427596,0.614026058,0.508857544,0
0.172083333,0.61,0.512916667,0.172252238,0.610020491,0.512969297,0
0.1692,0.61,0.5116,0.169528759,0.610019672,0.511691313,0
0.1692,0.6124,0.5092,0.169410743,0.612427955,0.50927792,0
0.1716,0.61,0.5092,0.171709056,0.610019672,0.509285774,0
0.1688,0.6116,0.5092,0.168902339,0.611630607,0.509262211,0
0.1675,0.6175,0.501666667,0.16780445,0.617521929,0.501821681,0
0.166,0.6176,0.4992,0.166120438,0.617614767,0.499271469,0
0.166,0.6128,0.5064,0.166144515,0.612822976,0.506478035,0
0.1644,0.614,0.5076,0.164620776,0.614019544,0.507665244,0
0.162083333,0.61375,0.505,0.162211282,0.613769093,0.505041252,0
0.161923077,0.616153846,0.504615385,0.162137169,0.616179295,0.504716219,0
0.167083333,0.615,0.508333333,0.167219915,0.615033874,0.508437148,0
0.182,0.614,0.5068,0.182680048,0.614045601,0.507073959,0
0.188,0.6124,0.5004,0.188170136,0.612414892,0.500515734,0
0.168333333,0.611666667,0.508333333,0.168597153,0.611691643,0.508469927,0
0.1692,0.6148,0.5024,0.169339895,0.614826805,0.50248184,0
0.172,0.6176,0.5036,0.172371691,0.617640672,0.503797578,0
0.1728,0.6124,0.5036,0.173043347,0.612421424,0.504027777,0
0.1668,0.6136,0.506,0.167296145,0.613631811,0.506347707,0
0.215892857,0.482202381,0.678095238,0.217314508,0.483072384,0.678755865,1
0.2272,0.4584,0.6984,0.227613708,0.458501908,0.698472619,1
0.2228,0.4568,0.7024,0.223383079,0.456850085,0.702469928,1
0.212,0.4524,0.7092,0.212377023,0.452720664,0.709295425,1
0.225833333,0.44125,0.717083333,0.226200501,0.441347369,0.7171326,1
0.228,0.4388,0.7216,0.228420665,0.438912292,0.721637028,1
0.2376,0.4248,0.7272,0.238058816,0.424914109,0.727230362,1
0.2284,0.4276,0.7292,0.229216055,0.427780317,0.729281839,1
0.194583333,0.4275,0.737916667,0.195202886,0.427687581,0.737950427,1
0.1932,0.4256,0.7404,0.193669822,0.425873221,0.740435007,1
0.1724,0.436,0.7328,0.173031789,0.436110078,0.732835589,1
0.176,0.442,0.7364,0.177110135,0.44219905,0.73663288,1
0.1648,0.4644,0.6932,0.166661333,0.465080638,0.693844363,1
0.14,0.4708,0.6912,0.140769315,0.471724496,0.692127156,1
0.16375,0.40875,0.770833333,0.166620827,0.40929309,0.770946388,1
0.218,0.3912,0.7548,0.226671569,0.391775446,0.755515718,1
0.2568,0.3288,0.8072,0.257480096,0.330163596,0.807455262,1
0.2188,0.3512,0.798,0.21977261,0.351681674,0.798225532,1
0.172916667,0.363333333,0.799583333,0.173553546,0.363742125,0.799627517,1
0.2232,0.4312,0.7176,0.225051105,0.432074068,0.719499826,1
0.1812,0.4472,0.7284,0.186493968,0.449568682,0.729259899,1
0.094,0.3952,0.7804,0.100657836,0.39557553,0.780617704,1
0.1375,0.425833333,0.735,0.140445719,0.426204176,0.735294725,1
0.1488,0.4236,0.756,0.150279739,0.424334773,0.756121683,1
0.1416,0.414,0.76,0.142295467,0.414164219,0.760073681,1
0.14,0.4072,0.7596,0.140968081,0.407440793,0.759655185,1
0.1644,0.4132,0.7572,0.164742223,0.413506953,0.757266136,1
0.160833333,0.425833333,0.733333333,0.163630682,0.426350795,0.733592757,1
0.2004,0.4692,0.7056,0.204049014,0.470433842,0.706110473,1
0.196666667,0.479583333,0.680416667,0.198031984,0.479934891,0.680523695,1
0.185,0.500384615,0.668846154,0.186062438,0.501056576,0.668997528,1
0.2068,0.498,0.6512,0.208028844,0.498208792,0.651324804,1
0.2068,0.5148,0.6516,0.207894204,0.515158228,0.651818993,1
0.202916667,0.49125,0.669166667,0.203398214,0.491507036,0.669315571,1
0.2124,0.4628,0.6972,0.212800376,0.463115536,0.697375078,1
0.207916667,0.43375,0.7275,0.208056483,0.434266623,0.727719039,1
0.213076923,0.41,0.745769231,0.213721602,0.410421922,0.745852635,1
0.205,0.428333333,0.737916667,0.205750658,0.428631543,0.73796172,1
0.2124,0.4276,0.7348,0.212574693,0.427873813,0.734865974,1
0.2124,0.4204,0.7372,0.212537056,0.420746955,0.737273355,1
0.2228,0.4092,0.7488,0.223024662,0.409453294,0.74887115,1
0.231666667,0.395,0.763333333,0.232002155,0.395474399,0.763380639,1
0.23,0.375384615,0.772692308,0.230334205,0.37577612,0.772749835,1
0.239166667,0.385833333,0.768333333,0.2394786,0.38611311,0.768429134,1
0.2424,0.3852,0.7652,0.243326941,0.385688994,0.765352207,1
0.2588,0.3776,0.762,0.259082998,0.377899458,0.762083985,1
0.2596,0.3804,0.7688,0.259761429,0.380783403,0.768890109,1
0.2496,0.3956,0.7552,0.249895978,0.395732233,0.755290673,1
0.252916667,0.402083333,0.748333333,0.253089246,0.402383524,0.748409424,1
0.2516,0.3972,0.7524,0.251769736,0.397285791,0.752470597,1
0.046047904,0.550479042,0.608203593,0.135073721,0.554026632,0.616773039,1
0.066,0.5024,0.6564,0.071302174,0.502967196,0.656984018,1
0.058,0.5496,0.6092,0.062513998,0.550548817,0.610819122,1
0.0664,0.5864,0.5656,0.081535268,0.58673333,0.566568619,1
0.071666667,0.594583333,0.542083333,0.09504385,0.594919462,0.543004757,1
0.0684,0.5956,0.5596,0.077382168,0.596586959,0.559939282,1
0.0748,0.5584,0.5976,0.088068155,0.558719966,0.598865594,1
0.0736,0.5472,0.6148,0.093637599,0.5478905,0.615756445,1
0.0996,0.5492,0.6008,0.10753604,0.549825427,0.601810601,1
0.091666667,0.567916667,0.595833333,0.094824399,0.568085234,0.596210254,1
0.1072,0.5636,0.5904,0.109142109,0.563769456,0.59064033,1
0.112,0.5592,0.5976,0.112924754,0.55929241,0.597675497,1
0.1128,0.5672,0.5904,0.113912247,0.567302389,0.590559057,1
0.11,0.5672,0.5912,0.110399275,0.567267133,0.59129688,1
0.107083333,0.549583333,0.61,0.107799969,0.549708256,0.61017757,1
0.0976,0.5344,0.6252,0.1001998,0.534602656,0.625520583,1
0.0552,0.554,0.6212,0.068234888,0.555701359,0.626057505,1
0.0352,0.516,0.6392,0.051458721,0.516488141,0.639968749,1
0.0148,0.4872,0.69,0.025377155,0.487409479,0.690092747,1
0.015,0.46125,0.707083333,0.025166115,0.461297988,0.70719811,1
0.004,0.4556,0.7164,0.015491933,0.455828915,0.716538903,1
0.0036,0.4588,0.7088,0.017320508,0.458959693,0.708892093,1
0.0132,0.4732,0.7016,0.016124515,0.473290608,0.70169509,1
0.0132,0.472,0.7,0.025059928,0.472186404,0.700125703,1
0.0416,0.478,0.6936,0.049477268,0.478100408,0.693795359,1
0.0575,0.492916667,0.67125,0.073711148,0.493410748,0.672151397,1
0.1028,0.5396,0.6112,0.11340194,0.541431436,0.613481866,1
0.1324,0.5924,0.5508,0.133461605,0.592611171,0.551046278,1
0.154166667,0.601666667,0.540416667,0.154919334,0.60213509,0.540620785,1
0.1416,0.57,0.5692,0.142688472,0.570715341,0.569304839,1
0.12,0.5712,0.5748,0.131179267,0.572496288,0.579106208,1
0.108,0.5504,0.59,0.11196428,0.550962794,0.590264348,1
0.1208,0.5716,0.5892,0.123417989,0.57203846,0.589260554,1
0.1476,0.56,0.5956,0.148526092,0.560428408,0.595647547,1
0.144583333,0.55375,0.597083333,0.14541607,0.553831352,0.597135523,1
0.143333333,0.55875,0.594583333,0.143643076,0.558871631,0.594674281,1
0.143846154,0.556538462,0.598846154,0.144115338,0.556586437,0.598880366,1
0.1368,0.5508,0.6072,0.13743362,0.550879297,0.607262711,1
0.1292,0.5452,0.612,0.129537639,0.54522289,0.612052285,1
0.1292,0.5492,0.6136,0.129506757,0.549257681,0.61363833,1
0.134166667,0.54875,0.610416667,0.134567207,0.548820705,0.610495018,1
0.1432,0.5548,0.596,0.144027775,0.555326931,0.59618789,1
0.1396,0.5624,0.5924,0.140641388,0.562601102,0.592496413,1
0.067916667,0.574583333,0.56375,0.076185082,0.574865926,0.564014627,1
0.061538462,0.595769231,0.526538462,0.068836484,0.596828155,0.527209636,1
0.077083333,0.594583333,0.559166667,0.079765281,0.594961483,0.560104157,1
0.09,0.5776,0.5768,0.092628289,0.57832171,0.576909005,1
0.0928,0.5748,0.5724,0.096291225,0.575030434,0.572611561,1
0.0924,0.5776,0.5812,0.094085068,0.577961936,0.58126414,1
0.1025,0.565,0.585,0.103682207,0.565213824,0.585056977,1
0.125595238,0.461607143,0.708452381,0.145594021,0.463010979,0.709233322,1
0.120833333,0.446666667,0.72375,0.121277918,0.446840762,0.723864053,1
0.1368,0.4268,0.7424,0.137346278,0.426947304,0.742471548,1
0.1352,0.4036,0.7624,0.138621788,0.404133641,0.762532622,1
0.1216,0.4192,0.7516,0.123773988,0.419447255,0.751662158,1
0.042,0.4188,0.7516,0.084451169,0.419899988,0.753113537,1
0.137916667,0.434583333,0.734166667,0.188004876,0.439455155,0.736834445,1
0.1056,0.4208,0.7464,0.136733317,0.42620183,0.750706334,1
0.0724,0.4204,0.7384,0.199949994,0.430167409,0.750535809,1
0.038,0.484,0.7404,0.159787359,0.532458449,0.761837253,1
0.1052,0.4732,0.6932,0.132921029,0.475760444,0.696824225,1
0.117916667,0.530833333,0.65125,0.143047195,0.532337612,0.652249313,1
0.15125,0.55625,0.6075,0.157731312,0.558259945,0.607837698,1
0.180384615,0.570384615,0.586153846,0.181415375,0.570650776,0.586370846,1
0.1824,0.5464,0.5968,0.182931681,0.546684553,0.596918755,1
0.1308,0.5136,0.666,0.132287566,0.514975728,0.666462302,1
0.13625,0.455,0.700416667,0.138458778,0.455494237,0.70091904,1
0.174,0.4592,0.6872,0.1756246,0.459834753,0.687651074,1
0.078,0.4736,0.7188,0.083114379,0.47429105,0.719035465,1
0.1088,0.468,0.6916,0.110923397,0.470097862,0.692101149,1
0.119583333,0.503333333,0.678333333,0.121054395,0.50372777,0.678533959,1
0.1156,0.4864,0.6868,0.117183617,0.486785374,0.686874079,1
0.1052,0.4868,0.7036,0.106714573,0.487068784,0.703843733,1
0.13,0.4456,0.7188,0.133131514,0.446031389,0.719013213,1
0.1176,0.424,0.748,0.118389189,0.424480859,0.748106944,1
0.100833333,0.406666667,0.760416667,0.101653005,0.407001228,0.760512437,1
0.0872,0.4196,0.75,0.089576783,0.42030941,0.750133321,1
0.0428,0.4528,0.7328,0.059497899,0.453501929,0.733075712,1
-0.0104,0.4316,0.7324,0.01811077,0.431884244,0.732554435,1
-0.0108,0.4276,0.7344,0.019899749,0.428135493,0.734487576,1
0.004166667,0.445833333,0.720416667,0.033291641,0.445963377,0.72057558,1
0.010416667,0.480833333,0.698333333,0.030345236,0.481300322,0.698701176,1
0.025384615,0.514615385,0.655384615,0.03721042,0.514915975,0.655626535,1
0.0336,0.5364,0.6288,0.040199502,0.537040036,0.628903808,1
0.0568,0.5476,0.6164,0.059799666,0.54799635,0.616503041,1
0.0596,0.544,0.6188,0.062193247,0.544933023,0.618847316,1
0.062,0.5396,0.6288,0.062960305,0.540025925,0.628922889,1
0.06,0.524583333,0.638333333,0.066833126,0.525479939,0.638507374,1
0.07,0.5224,0.6496,0.072194183,0.522861358,0.649652215,1
0.0584,0.5008,0.6588,0.063182276,0.501653267,0.65906904,1
0.022083333,0.496666667,0.67375,0.04392228,0.497116687,0.673971439,1
-0.024,0.4896,0.678,0.036551334,0.489987755,0.678194662,1
-0.0636,0.4692,0.69,0.069483811,0.469497604,0.690092747,1
-0.0864,0.4612,0.6932,0.090111043,0.461462891,0.693371473,1
-0.0144,0.4708,0.7008,0.037947332,0.471062629,0.700965049,1
0.060833333,0.460833333,0.710833333,0.081137743,0.461013377,0.711032114,1
0.1204,0.4596,0.7116,0.129197523,0.459882594,0.711806153,1
0.1448,0.484,0.6908,0.157657857,0.485872411,0.69148825,1
0.1564,0.4752,0.6892,0.15988746,0.475722608,0.689454857,1
0.1452,0.47,0.702,0.150319659,0.470314788,0.70231332,1
0.118934911,0.598461538,0.529763314,0.147114253,0.604200288,0.544504009,1
0.105652174,0.570869565,0.593478261,0.10748104,0.571120181,0.593680488,1
0.109166667,0.549583333,0.607083333,0.113834675,0.550094689,0.607532578,1
0.0996,0.5524,0.6056,0.103788246,0.5527712,0.606287061,1
0.100769231,0.552307692,0.594230769,0.103105622,0.552449093,0.594607175,1
0.115416667,0.577916667,0.564583333,0.11890122,0.578176011,0.565018436,1
0.1072,0.6136,0.5316,0.110054532,0.613866435,0.531860884,1
0.1312,0.5928,0.5512,0.133746028,0.593275653,0.551760818,1
0.156,0.572,0.57,0.157530949,0.572377498,0.57039986,1
0.165416667,0.56625,0.585416667,0.171281931,0.56671936,0.586006968,1
0.180769231,0.56,0.589615385,0.182271986,0.560151079,0.589846786,1
0.170416667,0.547083333,0.604583333,0.170941023,0.547163138,0.604658995,1
0.1648,0.5496,0.608,0.165287628,0.549705376,0.608092098,1
0.1612,0.5472,0.6124,0.1614311,0.547247659,0.612467142,1
0.1588,0.5408,0.6144,0.159160297,0.540865972,0.614472131,1
0.156,0.5412,0.6184,0.156128152,0.541231928,0.61846261,1
0.155833333,0.53625,0.624166667,0.156338308,0.536334007,0.62427291,1
0.1528,0.5284,0.6328,0.153022874,0.528473273,0.632860174,1
0.1536,0.524,0.6368,0.154583311,0.524083963,0.636873614,1
0.1475,0.520833333,0.643333333,0.147761068,0.520912661,0.643395938,1
0.1448,0.516,0.6524,0.145712045,0.516062012,0.652530459,1
0.1484,0.512,0.654,0.149010067,0.512046873,0.65403058,1
0.1436,0.5096,0.658,0.144180443,0.50972934,0.658066866,1
0.1476,0.5052,0.658,0.148040535,0.505248454,0.658079023,1
0.15,0.51125,0.656666667,0.150305245,0.511301444,0.656747034,1
0.1508,0.5064,0.6608,0.15132746,0.506454341,0.660853993,1
0.1488,0.504,0.6664,0.149130815,0.504031745,0.666441295,1
0.1496,0.498,0.6672,0.150412765,0.498088346,0.667263067,1
0.1448,0.4964,0.6724,0.145024136,0.496447379,0.672431409,1
0.1452,0.4988,0.6664,0.145451023,0.498858697,0.666519317,1
0.142083333,0.516666667,0.644583333,0.142784803,0.516865553,0.644874019,1
0.1512,0.56,0.5996,0.163119588,0.560835092,0.602484855,1
0.1768,0.604,0.5256,0.179555005,0.605052064,0.526832042,1
0.209583333,0.622916667,0.47625,0.211394182,0.623407972,0.476379576,1
0.1988,0.598,0.514,0.20677524,0.599162749,0.515204814,1
0.2008,0.5996,0.526,0.202445054,0.599749948,0.526205283,1
0.242,0.5964,0.5108,0.243137821,0.59678807,0.510893335,1
0.2504,0.5964,0.5136,0.250806698,0.59678807,0.513692515,1
0.256,0.6004,0.5116,0.256203044,0.600516444,0.511683496,1
0.255416667,0.59875,0.507916667,0.255660908,0.598842634,0.507982119,1
0.24625,0.59625,0.519583333,0.246618802,0.596954074,0.519651325,1
0.243846154,0.590384615,0.530384615,0.244178371,0.590791516,0.530467863,1
0.2412,0.5864,0.5316,0.241387655,0.586487852,0.531672832,1
0.2356,0.5832,0.5372,0.235754109,0.583307809,0.537248546,1
0.2308,0.5824,0.5436,0.230937221,0.582463733,0.543680053,1
0.228333333,0.579583333,0.5475,0.228436716,0.579637099,0.547539953,1
0.2248,0.5788,0.5488,0.224979999,0.578905865,0.548831486,1
0.2272,0.5784,0.5496,0.227367544,0.578501513,0.549661714,1
0.225416667,0.58,0.549166667,0.225619517,0.5800862,0.549203969,1
0.2276,0.576,0.5492,0.227763035,0.576048609,0.549264963,1
0.200179641,0.501257485,0.658622754,0.201168741,0.501868962,0.659048943,1
0.2064,0.4732,0.6812,0.207210038,0.473721437,0.681307566,1
0.205,0.49875,0.666666667,0.215503287,0.499528945,0.667676319,1
0.2028,0.4996,0.6616,0.20330273,0.500179968,0.661815684,1
0.2,0.4976,0.6652,0.201355407,0.498044175,0.665345023,1
0.1944,0.504,0.6584,0.195632308,0.504357016,0.658659244,1
0.196666667,0.497083333,0.665,0.197463077,0.497305238,0.665169151,1
0.201923077,0.479615385,0.681538462,0.202626978,0.479787613,0.681773705,1
0.2,0.472916667,0.685416667,0.200540935,0.473396416,0.685507719,1
0.1776,0.4652,0.7024,0.178415246,0.465665116,0.70257811,1
0.176,0.458,0.7068,0.177268158,0.458165909,0.706877641,1
0.170416667,0.476666667,0.694583333,0.17108721,0.476838547,0.694691178,1
0.178,0.4756,0.694,0.179142401,0.475726812,0.694144077,1
0.1924,0.4608,0.704,0.192904121,0.460981561,0.704051135,1
0.186,0.4552,0.7076,0.186365233,0.455447033,0.707788104,1
0.1844,0.45,0.714,0.184899973,0.450079993,0.71405602,1
0.1856,0.4492,0.7192,0.185774056,0.44927052,0.719249609,1
0.180833333,0.446666667,0.718333333,0.181015653,0.446794136,0.718406802,1
0.177083333,0.44625,0.720416667,0.177282731,0.446294932,0.720448356,1
0.176923077,0.446153846,0.722307692,0.17711361,0.44620623,0.72237855,1
0.18,0.4436,0.7216,0.180266469,0.443680065,0.721692455,1
0.18,0.445833333,0.719166667,0.180208213,0.44589797,0.719212532,1
0.1796,0.4444,0.7184,0.180011111,0.444589698,0.718548537,1
0.180416667,0.444166667,0.72375,0.180566239,0.444325331,0.723875565,1
0.183461538,0.440384615,0.724615385,0.183627968,0.440467409,0.724664379,1
0.1828,0.4404,0.7232,0.182942614,0.440467933,0.723242698,1
0.1832,0.4412,0.7216,0.183368481,0.441266359,0.721653657,1
0.172083333,0.450833333,0.715416667,0.174033043,0.450971174,0.715521372,1
0.1744,0.448,0.7168,0.175134234,0.448169611,0.716865399,1
0.1724,0.4524,0.7124,0.172777313,0.452579275,0.712541929,1
0.156,0.4856,0.68,0.156971335,0.485979423,0.680252894,1
0.135833333,0.517083333,0.66,0.139253965,0.517707285,0.660296651,1
0.1468,0.5116,0.65,0.149706379,0.512495854,0.650295318,1
0.1708,0.5068,0.6584,0.171335927,0.507129175,0.658495254,1
0.1604,0.4952,0.6712,0.161158307,0.495378643,0.67130321,1
0.1612,0.482,0.6864,0.161653951,0.482306956,0.686562452,1
0.172,0.4724,0.6964,0.172719426,0.472800169,0.696629026,1
0.181666667,0.450416667,0.71,0.181956955,0.450522844,0.710064551,1
0.1736,0.4556,0.7112,0.173919522,0.455828915,0.7113199,1
0.1428,0.4648,0.7012,0.146628783,0.465196733,0.702649272,1
0.1696,0.4836,0.6828,0.172557237,0.484252001,0.683201288,1
0.15,0.4872,0.6864,0.152144668,0.487606399,0.686515841,1
0.1525,0.487916667,0.680833333,0.153297097,0.488206753,0.681010279,1
0.1572,0.4956,0.672,0.157898702,0.495689419,0.672166646,1
0.16,0.5036,0.6648,0.160374562,0.503734057,0.664939095,1
0.1544,0.5008,0.6672,0.155820409,0.501222505,0.667263067,1
0.1368,0.506,0.6648,0.137346278,0.506063237,0.664854871,1
0.1475,0.497083333,0.66625,0.148070929,0.497213066,0.66628635,1
0.1416,0.488,0.6824,0.142070405,0.488352332,0.682483699,1
0.1596,0.4628,0.7052,0.15988746,0.46292548,0.705319786,1
0.052857143,0.548095238,0.61,0.085377314,0.550882409,0.614370564,1
0.0828,0.5832,0.5712,0.084308956,0.583383236,0.57134928,1
0.08125,0.5825,0.562083333,0.082487373,0.582666285,0.562179538,1
0.072692308,0.576923077,0.578846154,0.075115296,0.577134833,0.578981201,1
0.037916667,0.57,0.580416667,0.048691204,0.570270404,0.580628252,1
0.0416,0.5796,0.56,0.049638695,0.579748221,0.560185684,1
0.058,0.6056,0.5324,0.064467046,0.605798646,0.532634959,1
0.0452,0.6168,0.5216,0.047874837,0.616921389,0.521781563,1
0.0444,0.5912,0.548,0.045738387,0.59129688,0.548131371,1
0.043913043,0.585217391,0.560869565,0.044769943,0.585320425,0.560992909,1
0.044615385,0.579615385,0.57,0.045488798,0.579678293,0.570087713,1
0.0408,0.5764,0.5736,0.042708313,0.576440804,0.573654949,1
0.04125,0.575,0.57625,0.043060036,0.575050722,0.576349865,1
0.044,0.5656,0.586,0.045956501,0.565678354,0.586095555,1
0.0496,0.568,0.5832,0.051536395,0.568105624,0.583266663,1
0.0464,0.5676,0.5848,0.047244047,0.567651301,0.584848698,1
0.0504,0.5684,0.5876,0.051303021,0.568538477,0.587663169,1
0.040416667,0.576666667,0.57,0.047037219,0.576974869,0.570160796,1
0.0396,0.604,0.53,0.057236352,0.60429132,0.530248998,1
-0.004,0.6024,0.5296,0.031496031,0.602581115,0.529920749,1
0.0244,0.5908,0.546,0.029866369,0.590968696,0.54609523,1
0.0436,0.592,0.552,0.045299007,0.592060808,0.552043477,1
0.05125,0.585,0.560833333,0.05255949,0.585049855,0.560899575,1
0.0512,0.5832,0.5612,0.052383203,0.583239231,0.56123079,1
0.0656,0.5836,0.5616,0.0678233,0.583654007,0.561676063,1
0.0712,0.586,0.558,0.071721684,0.586020477,0.55807168,1
0.06625,0.58375,0.562083333,0.067113089,0.583805761,0.562157303,1
0.072692308,0.589615385,0.561153846,0.073771998,0.589657658,0.561210916,1
0.072916667,0.584166667,0.552916667,0.073456336,0.584215999,0.553033302,1
0.0536,0.5912,0.5568,0.054990908,0.591330703,0.55686264,1
0.0408,0.5756,0.576,0.042801869,0.575656147,0.576145815,1
0.0356,0.5528,0.6008,0.037576588,0.552876116,0.600965889,1
0.0324,0.5564,0.6072,0.035721142,0.556521338,0.607335163,1
0.024,0.528,0.6344,0.027422618,0.528128772,0.634558114,1
0.026666667,0.512083333,0.6525,0.034156503,0.512270274,0.652559065,1
0.0288,0.5068,0.6592,0.031749016,0.50696351,0.659248057,1
0.0232,0.5136,0.6536,0.026229754,0.51365358,0.653721653,1
0.017916667,0.52625,0.635416667,0.020310096,0.526565127,0.635711544,1
0.024230769,0.547307692,0.616538462,0.028889711,0.547445115,0.616631669,1
0.02,0.545416667,0.61625,0.023629078,0.545576912,0.616309581,1
0.0084,0.5336,0.63,0.018654758,0.533823941,0.630215836,1
0.0076,0.5092,0.6512,0.014,0.509246502,0.651263388,1
0.015833333,0.524166667,0.645,0.027838822,0.524293175,0.645129186,1
0.0192,0.5304,0.6372,0.026229754,0.530516729,0.637247205,1
0.0232,0.534,0.628,0.025612497,0.534127326,0.628044584,1
0.028,0.5288,0.6356,0.029799329,0.528923435,0.635669726,1
0.024,0.5332,0.6288,0.025298221,0.533265412,0.628846563,1
0.0272,0.5368,0.6248,0.031496031,0.536857523,0.624858384,1
0.020833333,0.545833333,0.614166667,0.02236068,0.545870864,0.614200022,1
0.0204,0.5524,0.6032,0.02764055,0.552510633,0.603271083,1
